/*
 Navicat MySQL Data Transfer

 Source Server         : 本地数据库
 Source Server Type    : MySQL
 Source Server Version : 80033
 Source Host           : localhost:3306
 Source Schema         : bank

 Target Server Type    : MySQL
 Target Server Version : 80033
 File Encoding         : 65001

 Date: 30/03/2025 01:32:30
*/

SET NAMES utf8mb4;
SET FOREIGN_KEY_CHECKS = 0;

-- ----------------------------
-- Table structure for bankcard
-- ----------------------------
DROP TABLE IF EXISTS `bankcard`;
CREATE TABLE `bankcard`  (
  `BANKCARDNUMBER` int(0) UNSIGNED NOT NULL,
  `PASSWORD` varchar(25) CHARACTER SET utf8mb3 COLLATE utf8mb3_general_ci NOT NULL,
  `REMAINING_BALANCE` double NULL DEFAULT 0,
  `BANK_NAME` varchar(20) CHARACTER SET utf8mb3 COLLATE utf8mb3_general_ci NULL DEFAULT NULL,
  PRIMARY KEY (`BANKCARDNUMBER`) USING BTREE
) ENGINE = InnoDB CHARACTER SET = utf8mb3 COLLATE = utf8mb3_general_ci ROW_FORMAT = Dynamic;

-- ----------------------------
-- Records of bankcard
-- ----------------------------
INSERT INTO `bankcard` VALUES (88888888, '88888888', 200, 'Barclays');
INSERT INTO `bankcard` VALUES (104747077, '111111', 915043, 'HSBC');
INSERT INTO `bankcard` VALUES (106171217, '111111', 339950, 'HSBC');
INSERT INTO `bankcard` VALUES (107066024, '111111', 158815, 'HSBC');
INSERT INTO `bankcard` VALUES (108706356, '111111', 227210, 'Barclays');
INSERT INTO `bankcard` VALUES (110537881, '111111', 733426, 'HSBC');
INSERT INTO `bankcard` VALUES (118195537, '111111', 313723, 'Barclays');
INSERT INTO `bankcard` VALUES (124883316, '111111', 596669, 'Barclays');
INSERT INTO `bankcard` VALUES (126142481, '111111', 71426, 'Barclays');
INSERT INTO `bankcard` VALUES (129605113, '111111', 364558, 'LloydsBank');
INSERT INTO `bankcard` VALUES (130394883, '111111', 556384, 'Barclays');
INSERT INTO `bankcard` VALUES (132271495, '111111', 49208, 'LloydsBank');
INSERT INTO `bankcard` VALUES (132939641, '111111', 842527, 'Barclays');
INSERT INTO `bankcard` VALUES (137736998, '111111', 966171, 'Barclays');
INSERT INTO `bankcard` VALUES (138315729, '111111', 121097, 'HSBC');
INSERT INTO `bankcard` VALUES (139351650, '111111', 273375, 'HSBC');
INSERT INTO `bankcard` VALUES (141332500, '111111', 451124, 'Barclays');
INSERT INTO `bankcard` VALUES (148618940, '111111', 542555, 'HSBC');
INSERT INTO `bankcard` VALUES (149936052, '111111', 584751, 'Barclays');
INSERT INTO `bankcard` VALUES (150509877, '111111', 665092, 'HSBC');
INSERT INTO `bankcard` VALUES (151830130, '111111', 71967, 'LloydsBank');
INSERT INTO `bankcard` VALUES (152409591, '111111', 75290, 'HSBC');
INSERT INTO `bankcard` VALUES (158767085, '111111', 722985, 'LloydsBank');
INSERT INTO `bankcard` VALUES (159444134, '111111', 591319, 'LloydsBank');
INSERT INTO `bankcard` VALUES (162003602, '111111', 192446, 'LloydsBank');
INSERT INTO `bankcard` VALUES (162041857, '111111', 958609, 'LloydsBank');
INSERT INTO `bankcard` VALUES (165977113, '111111', 800249, 'HSBC');
INSERT INTO `bankcard` VALUES (167347595, '111111', 552138, 'LloydsBank');
INSERT INTO `bankcard` VALUES (169955208, '111111', 642657, 'LloydsBank');
INSERT INTO `bankcard` VALUES (179593245, '111111', 797129, 'Barclays');
INSERT INTO `bankcard` VALUES (182473687, '111111', 42407, 'LloydsBank');
INSERT INTO `bankcard` VALUES (187917833, '111111', 534244, 'Barclays');
INSERT INTO `bankcard` VALUES (189420531, '111111', 607909, 'HSBC');
INSERT INTO `bankcard` VALUES (191197582, '111111', 237186, 'Barclays');
INSERT INTO `bankcard` VALUES (191199554, '111111', 835945, 'LloydsBank');
INSERT INTO `bankcard` VALUES (194579062, '111111', 480630, 'LloydsBank');
INSERT INTO `bankcard` VALUES (194840952, '111111', 40441, 'HSBC');
INSERT INTO `bankcard` VALUES (203901859, '111111', 769339, 'HSBC');
INSERT INTO `bankcard` VALUES (204709897, '111111', 985528, 'HSBC');
INSERT INTO `bankcard` VALUES (205025817, '111111', 127944, 'HSBC');
INSERT INTO `bankcard` VALUES (207081905, '111111', 976280, 'LloydsBank');
INSERT INTO `bankcard` VALUES (208922787, '111111', 847445, 'HSBC');
INSERT INTO `bankcard` VALUES (210446856, '111111', 204144, 'LloydsBank');
INSERT INTO `bankcard` VALUES (214347176, '111111', 842294, 'LloydsBank');
INSERT INTO `bankcard` VALUES (216129757, '111111', 443597, 'LloydsBank');
INSERT INTO `bankcard` VALUES (221944398, '111111', 75004, 'LloydsBank');
INSERT INTO `bankcard` VALUES (222290099, '111111', 154264, 'Barclays');
INSERT INTO `bankcard` VALUES (226721678, '111111', 593352, 'Barclays');
INSERT INTO `bankcard` VALUES (228625391, '111111', 831993, 'LloydsBank');
INSERT INTO `bankcard` VALUES (233730741, '111111', 60502, 'LloydsBank');
INSERT INTO `bankcard` VALUES (235869754, '111111', 228320, 'HSBC');
INSERT INTO `bankcard` VALUES (236463008, '111111', 580758, 'HSBC');
INSERT INTO `bankcard` VALUES (240966622, '111111', 696801, 'Barclays');
INSERT INTO `bankcard` VALUES (241261079, '111111', 961308, 'LloydsBank');
INSERT INTO `bankcard` VALUES (242116497, '111111', 332666, 'HSBC');
INSERT INTO `bankcard` VALUES (242129928, '111111', 664888, 'Barclays');
INSERT INTO `bankcard` VALUES (244612589, '111111', 14574, 'LloydsBank');
INSERT INTO `bankcard` VALUES (245365527, '111111', 302432, 'Barclays');
INSERT INTO `bankcard` VALUES (249321547, '111111', 466732, 'Barclays');
INSERT INTO `bankcard` VALUES (251266544, '111111', 562180, 'LloydsBank');
INSERT INTO `bankcard` VALUES (251541264, '111111', 80813, 'HSBC');
INSERT INTO `bankcard` VALUES (253645647, '111111', 483737, 'Barclays');
INSERT INTO `bankcard` VALUES (260290013, '111111', 83395, 'Barclays');
INSERT INTO `bankcard` VALUES (264306960, '111111', 497445, 'Barclays');
INSERT INTO `bankcard` VALUES (268636074, '111111', 112729, 'LloydsBank');
INSERT INTO `bankcard` VALUES (269133159, '111111', 616520, 'LloydsBank');
INSERT INTO `bankcard` VALUES (271837137, '111111', 387119, 'Barclays');
INSERT INTO `bankcard` VALUES (276091815, '111111', 332873, 'LloydsBank');
INSERT INTO `bankcard` VALUES (276262893, '111111', 248934, 'HSBC');
INSERT INTO `bankcard` VALUES (277851070, '111111', 54960, 'LloydsBank');
INSERT INTO `bankcard` VALUES (278697564, '111111', 269913, 'Barclays');
INSERT INTO `bankcard` VALUES (283876835, '111111', 568722, 'HSBC');
INSERT INTO `bankcard` VALUES (286919848, '111111', 646569, 'HSBC');
INSERT INTO `bankcard` VALUES (287537427, '111111', 378617, 'HSBC');
INSERT INTO `bankcard` VALUES (289748487, '111111', 448331, 'Barclays');
INSERT INTO `bankcard` VALUES (291144087, '111111', 47544, 'HSBC');
INSERT INTO `bankcard` VALUES (292502936, '111111', 54163, 'Barclays');
INSERT INTO `bankcard` VALUES (295509878, '111111', 466804, 'Barclays');
INSERT INTO `bankcard` VALUES (297317855, '111111', 124575, 'Barclays');
INSERT INTO `bankcard` VALUES (298931998, '111111', 179785, 'LloydsBank');
INSERT INTO `bankcard` VALUES (299054948, '111111', 283771, 'LloydsBank');
INSERT INTO `bankcard` VALUES (302156364, '111111', 520390, 'HSBC');
INSERT INTO `bankcard` VALUES (302345702, '111111', 55648, 'LloydsBank');
INSERT INTO `bankcard` VALUES (306194919, '111111', 543846, 'LloydsBank');
INSERT INTO `bankcard` VALUES (307411004, '111111', 961679, 'Barclays');
INSERT INTO `bankcard` VALUES (309400486, '111111', 660416, 'HSBC');
INSERT INTO `bankcard` VALUES (312118466, '111111', 200962, 'LloydsBank');
INSERT INTO `bankcard` VALUES (313837904, '111111', 841367, 'HSBC');
INSERT INTO `bankcard` VALUES (314740006, '111111', 872864, 'LloydsBank');
INSERT INTO `bankcard` VALUES (318783844, '111111', 190924, 'LloydsBank');
INSERT INTO `bankcard` VALUES (326700817, '111111', 919900, 'HSBC');
INSERT INTO `bankcard` VALUES (328518108, '111111', 941144, 'HSBC');
INSERT INTO `bankcard` VALUES (328749172, '111111', 422590, 'HSBC');
INSERT INTO `bankcard` VALUES (330126087, '111111', 888171, 'HSBC');
INSERT INTO `bankcard` VALUES (333924802, '111111', 14307, 'HSBC');
INSERT INTO `bankcard` VALUES (336689335, '111111', 941363, 'Barclays');
INSERT INTO `bankcard` VALUES (343004493, '111111', 383989, 'Barclays');
INSERT INTO `bankcard` VALUES (345601848, '111111', 486174, 'LloydsBank');
INSERT INTO `bankcard` VALUES (345953389, '111111', 811543, 'Barclays');
INSERT INTO `bankcard` VALUES (349142570, '111111', 175191, 'LloydsBank');
INSERT INTO `bankcard` VALUES (354046950, '111111', 820564, 'LloydsBank');
INSERT INTO `bankcard` VALUES (356169138, '111111', 92762, 'Barclays');
INSERT INTO `bankcard` VALUES (360166830, '111111', 316718, 'HSBC');
INSERT INTO `bankcard` VALUES (360311210, '111111', 530307, 'Barclays');
INSERT INTO `bankcard` VALUES (360462217, '111111', 297637, 'LloydsBank');
INSERT INTO `bankcard` VALUES (360948503, '111111', 830502, 'LloydsBank');
INSERT INTO `bankcard` VALUES (362483218, '111111', 559111, 'HSBC');
INSERT INTO `bankcard` VALUES (366607255, '111111', 744281, 'Barclays');
INSERT INTO `bankcard` VALUES (368016639, '111111', 525521, 'Barclays');
INSERT INTO `bankcard` VALUES (372020817, '111111', 59369, 'Barclays');
INSERT INTO `bankcard` VALUES (375867367, '111111', 976006, 'Barclays');
INSERT INTO `bankcard` VALUES (381194703, '111111', 234368, 'LloydsBank');
INSERT INTO `bankcard` VALUES (382192019, '111111', 384162, 'HSBC');
INSERT INTO `bankcard` VALUES (388106408, '111111', 277448, 'Barclays');
INSERT INTO `bankcard` VALUES (388317016, '111111', 124995, 'LloydsBank');
INSERT INTO `bankcard` VALUES (389129795, '111111', 818851, 'Barclays');
INSERT INTO `bankcard` VALUES (391347731, '111111', 473256, 'LloydsBank');
INSERT INTO `bankcard` VALUES (392594500, '111111', 562946, 'Barclays');
INSERT INTO `bankcard` VALUES (393056539, '111111', 463454, 'HSBC');
INSERT INTO `bankcard` VALUES (404726106, '111111', 207092, 'HSBC');
INSERT INTO `bankcard` VALUES (408584705, '111111', 787984, 'HSBC');
INSERT INTO `bankcard` VALUES (413040511, '111111', 949350, 'Barclays');
INSERT INTO `bankcard` VALUES (413292061, '111111', 240947, 'HSBC');
INSERT INTO `bankcard` VALUES (415644538, '111111', 330155, 'LloydsBank');
INSERT INTO `bankcard` VALUES (418033956, '111111', 24796, 'Barclays');
INSERT INTO `bankcard` VALUES (423595833, '111111', 132300, 'LloydsBank');
INSERT INTO `bankcard` VALUES (423632233, '111111', 508994, 'HSBC');
INSERT INTO `bankcard` VALUES (427944335, '111111', 500458, 'Barclays');
INSERT INTO `bankcard` VALUES (428486409, '111111', 735748, 'LloydsBank');
INSERT INTO `bankcard` VALUES (429229850, '111111', 893462, 'Barclays');
INSERT INTO `bankcard` VALUES (429303791, '111111', 582279, 'LloydsBank');
INSERT INTO `bankcard` VALUES (434670424, '111111', 636067, 'HSBC');
INSERT INTO `bankcard` VALUES (435996008, '111111', 501101, 'Barclays');
INSERT INTO `bankcard` VALUES (436855223, '111111', 294777, 'Barclays');
INSERT INTO `bankcard` VALUES (440183794, '111111', 485235, 'HSBC');
INSERT INTO `bankcard` VALUES (440359723, '111111', 411900, 'Barclays');
INSERT INTO `bankcard` VALUES (448056354, '111111', 102700, 'HSBC');
INSERT INTO `bankcard` VALUES (449486668, '111111', 456403, 'LloydsBank');
INSERT INTO `bankcard` VALUES (450622365, '111111', 296888, 'HSBC');
INSERT INTO `bankcard` VALUES (455251214, '111111', 39052, 'LloydsBank');
INSERT INTO `bankcard` VALUES (456122404, '111111', 507816, 'HSBC');
INSERT INTO `bankcard` VALUES (461172119, '111111', 543323, 'HSBC');
INSERT INTO `bankcard` VALUES (465823015, '111111', 823285, 'LloydsBank');
INSERT INTO `bankcard` VALUES (466727275, '111111', 542183, 'Barclays');
INSERT INTO `bankcard` VALUES (470828710, '111111', 906336, 'Barclays');
INSERT INTO `bankcard` VALUES (474057999, '111111', 521985, 'LloydsBank');
INSERT INTO `bankcard` VALUES (475449336, '111111', 278369, 'LloydsBank');
INSERT INTO `bankcard` VALUES (476289583, '111111', 7705, 'Barclays');
INSERT INTO `bankcard` VALUES (476409085, '111111', 973343, 'HSBC');
INSERT INTO `bankcard` VALUES (478371493, '111111', 791342, 'HSBC');
INSERT INTO `bankcard` VALUES (479565816, '111111', 778597, 'HSBC');
INSERT INTO `bankcard` VALUES (479731692, '111111', 610060, 'Barclays');
INSERT INTO `bankcard` VALUES (481030374, '111111', 912345, 'HSBC');
INSERT INTO `bankcard` VALUES (481564671, '111111', 30273, 'Barclays');
INSERT INTO `bankcard` VALUES (484859901, '111111', 425750, 'Barclays');
INSERT INTO `bankcard` VALUES (485418713, '111111', 121052, 'Barclays');
INSERT INTO `bankcard` VALUES (487972506, '111111', 695080, 'LloydsBank');
INSERT INTO `bankcard` VALUES (491958656, '111111', 823219, 'HSBC');
INSERT INTO `bankcard` VALUES (496099548, '111111', 232451, 'Barclays');
INSERT INTO `bankcard` VALUES (496806858, '111111', 218806, 'LloydsBank');
INSERT INTO `bankcard` VALUES (498401684, '111111', 214262, 'HSBC');
INSERT INTO `bankcard` VALUES (505861470, '111111', 859220, 'HSBC');
INSERT INTO `bankcard` VALUES (508074331, '111111', 357691, 'LloydsBank');
INSERT INTO `bankcard` VALUES (509348328, '111111', 148128, 'HSBC');
INSERT INTO `bankcard` VALUES (511043653, '111111', 916560, 'Barclays');
INSERT INTO `bankcard` VALUES (514853058, '111111', 475764, 'Barclays');
INSERT INTO `bankcard` VALUES (516167846, '111111', 119669, 'LloydsBank');
INSERT INTO `bankcard` VALUES (519394105, '111111', 443894, 'LloydsBank');
INSERT INTO `bankcard` VALUES (523570658, '111111', 333936, 'HSBC');
INSERT INTO `bankcard` VALUES (527661007, '111111', 632064, 'HSBC');
INSERT INTO `bankcard` VALUES (534760392, '111111', 459897, 'LloydsBank');
INSERT INTO `bankcard` VALUES (540390477, '111111', 325371, 'LloydsBank');
INSERT INTO `bankcard` VALUES (550725405, '111111', 417811, 'LloydsBank');
INSERT INTO `bankcard` VALUES (551463971, '111111', 566456, 'Barclays');
INSERT INTO `bankcard` VALUES (553755905, '111111', 314468, 'LloydsBank');
INSERT INTO `bankcard` VALUES (556135838, '111111', 800975, 'HSBC');
INSERT INTO `bankcard` VALUES (556145228, '111111', 383039, 'LloydsBank');
INSERT INTO `bankcard` VALUES (567191255, '111111', 702152, 'Barclays');
INSERT INTO `bankcard` VALUES (570147260, '111111', 264588, 'HSBC');
INSERT INTO `bankcard` VALUES (571670535, '111111', 829354, 'HSBC');
INSERT INTO `bankcard` VALUES (573020101, '111111', 258870, 'LloydsBank');
INSERT INTO `bankcard` VALUES (574621574, '111111', 716511, 'HSBC');
INSERT INTO `bankcard` VALUES (575098837, '111111', 549494, 'Barclays');
INSERT INTO `bankcard` VALUES (579620341, '111111', 518417, 'HSBC');
INSERT INTO `bankcard` VALUES (580415264, '111111', 67022, 'HSBC');
INSERT INTO `bankcard` VALUES (580839587, '111111', 868682, 'HSBC');
INSERT INTO `bankcard` VALUES (581438701, '111111', 135177, 'Barclays');
INSERT INTO `bankcard` VALUES (581530214, '111111', 35683, 'LloydsBank');
INSERT INTO `bankcard` VALUES (582700934, '111111', 357899, 'HSBC');
INSERT INTO `bankcard` VALUES (583725408, '111111', 710788, 'Barclays');
INSERT INTO `bankcard` VALUES (586107670, '111111', 941551, 'HSBC');
INSERT INTO `bankcard` VALUES (589072854, '111111', 5716, 'HSBC');
INSERT INTO `bankcard` VALUES (590300916, '111111', 546358, 'LloydsBank');
INSERT INTO `bankcard` VALUES (591714683, '111111', 623968, 'HSBC');
INSERT INTO `bankcard` VALUES (591790958, '111111', 108061, 'LloydsBank');
INSERT INTO `bankcard` VALUES (592928446, '111111', 611307, 'LloydsBank');
INSERT INTO `bankcard` VALUES (606632602, '111111', 409701, 'LloydsBank');
INSERT INTO `bankcard` VALUES (614736477, '111111', 795830, 'LloydsBank');
INSERT INTO `bankcard` VALUES (615145153, '111111', 47579, 'Barclays');
INSERT INTO `bankcard` VALUES (617849467, '111111', 430002, 'HSBC');
INSERT INTO `bankcard` VALUES (618314657, '111111', 69915, 'HSBC');
INSERT INTO `bankcard` VALUES (625668743, '111111', 881184, 'Barclays');
INSERT INTO `bankcard` VALUES (627266229, '111111', 196764, 'LloydsBank');
INSERT INTO `bankcard` VALUES (636221301, '111111', 411325, 'HSBC');
INSERT INTO `bankcard` VALUES (640080775, '111111', 421046, 'Barclays');
INSERT INTO `bankcard` VALUES (643884630, '111111', 785854, 'LloydsBank');
INSERT INTO `bankcard` VALUES (649229564, '111111', 999966, 'HSBC');
INSERT INTO `bankcard` VALUES (649960770, '111111', 204281, 'LloydsBank');
INSERT INTO `bankcard` VALUES (650107187, '111111', 952545, 'LloydsBank');
INSERT INTO `bankcard` VALUES (650563587, '111111', 551877, 'HSBC');
INSERT INTO `bankcard` VALUES (651683508, '111111', 796919, 'Barclays');
INSERT INTO `bankcard` VALUES (654127018, '111111', 561927, 'LloydsBank');
INSERT INTO `bankcard` VALUES (656241044, '111111', 938860, 'LloydsBank');
INSERT INTO `bankcard` VALUES (662175206, '111111', 963966, 'LloydsBank');
INSERT INTO `bankcard` VALUES (668631378, '111111', 727834, 'LloydsBank');
INSERT INTO `bankcard` VALUES (674566524, '111111', 620598, 'LloydsBank');
INSERT INTO `bankcard` VALUES (676547905, '111111', 854839, 'HSBC');
INSERT INTO `bankcard` VALUES (679046613, '111111', 564455, 'LloydsBank');
INSERT INTO `bankcard` VALUES (679082278, '111111', 599063, 'Barclays');
INSERT INTO `bankcard` VALUES (681425428, '111111', 163578, 'LloydsBank');
INSERT INTO `bankcard` VALUES (686855443, '111111', 695344, 'HSBC');
INSERT INTO `bankcard` VALUES (693706764, '111111', 936905, 'HSBC');
INSERT INTO `bankcard` VALUES (696227575, '111111', 140647, 'LloydsBank');
INSERT INTO `bankcard` VALUES (700834943, '111111', 135883, 'Barclays');
INSERT INTO `bankcard` VALUES (703773054, '111111', 915131, 'Barclays');
INSERT INTO `bankcard` VALUES (706183936, '111111', 513324, 'LloydsBank');
INSERT INTO `bankcard` VALUES (706242168, '111111', 915364, 'HSBC');
INSERT INTO `bankcard` VALUES (709133180, '111111', 46505, 'Barclays');
INSERT INTO `bankcard` VALUES (710591208, '111111', 496032, 'LloydsBank');
INSERT INTO `bankcard` VALUES (711430486, '111111', 374667, 'Barclays');
INSERT INTO `bankcard` VALUES (712868498, '111111', 465753, 'LloydsBank');
INSERT INTO `bankcard` VALUES (714964529, '111111', 982185, 'HSBC');
INSERT INTO `bankcard` VALUES (715220815, '111111', 921430, 'LloydsBank');
INSERT INTO `bankcard` VALUES (715683190, '111111', 802317, 'LloydsBank');
INSERT INTO `bankcard` VALUES (716381842, '111111', 599299, 'HSBC');
INSERT INTO `bankcard` VALUES (719375526, '111111', 579525, 'LloydsBank');
INSERT INTO `bankcard` VALUES (723945103, '111111', 224652, 'Barclays');
INSERT INTO `bankcard` VALUES (724661438, '111111', 150728, 'Barclays');
INSERT INTO `bankcard` VALUES (726404939, '111111', 890134, 'LloydsBank');
INSERT INTO `bankcard` VALUES (726802788, '111111', 459581, 'LloydsBank');
INSERT INTO `bankcard` VALUES (729377172, '111111', 569774, 'LloydsBank');
INSERT INTO `bankcard` VALUES (732371984, '111111', 259838, 'LloydsBank');
INSERT INTO `bankcard` VALUES (738518244, '111111', 675851, 'HSBC');
INSERT INTO `bankcard` VALUES (742546376, '111111', 312362, 'LloydsBank');
INSERT INTO `bankcard` VALUES (751042576, '111111', 849769, 'HSBC');
INSERT INTO `bankcard` VALUES (761711354, '111111', 666656, 'Barclays');
INSERT INTO `bankcard` VALUES (768209259, '111111', 918393, 'Barclays');
INSERT INTO `bankcard` VALUES (770913713, '111111', 721223, 'Barclays');
INSERT INTO `bankcard` VALUES (771842865, '111111', 659946, 'HSBC');
INSERT INTO `bankcard` VALUES (773986963, '111111', 264888, 'LloydsBank');
INSERT INTO `bankcard` VALUES (777062001, '111111', 237836, 'Barclays');
INSERT INTO `bankcard` VALUES (778462634, '111111', 936757, 'LloydsBank');
INSERT INTO `bankcard` VALUES (778827293, '111111', 619401, 'HSBC');
INSERT INTO `bankcard` VALUES (779050913, '111111', 332500, 'HSBC');
INSERT INTO `bankcard` VALUES (781504033, '111111', 680935, 'LloydsBank');
INSERT INTO `bankcard` VALUES (782030169, '111111', 429178, 'LloydsBank');
INSERT INTO `bankcard` VALUES (788465002, '111111', 59417, 'LloydsBank');
INSERT INTO `bankcard` VALUES (794153804, '111111', 401726, 'HSBC');
INSERT INTO `bankcard` VALUES (795434688, '111111', 900032, 'Barclays');
INSERT INTO `bankcard` VALUES (806017044, '111111', 878266, 'LloydsBank');
INSERT INTO `bankcard` VALUES (806140614, '111111', 372188, 'LloydsBank');
INSERT INTO `bankcard` VALUES (809631297, '111111', 552993, 'LloydsBank');
INSERT INTO `bankcard` VALUES (811396440, '111111', 706679, 'HSBC');
INSERT INTO `bankcard` VALUES (813702921, '111111', 152620, 'HSBC');
INSERT INTO `bankcard` VALUES (813772267, '111111', 845976, 'LloydsBank');
INSERT INTO `bankcard` VALUES (825881340, '111111', 326640, 'LloydsBank');
INSERT INTO `bankcard` VALUES (827911605, '111111', 205401, 'HSBC');
INSERT INTO `bankcard` VALUES (829448862, '111111', 702021, 'LloydsBank');
INSERT INTO `bankcard` VALUES (835213766, '111111', 128816, 'LloydsBank');
INSERT INTO `bankcard` VALUES (836825860, '111111', 130462, 'LloydsBank');
INSERT INTO `bankcard` VALUES (842134721, '111111', 207246, 'LloydsBank');
INSERT INTO `bankcard` VALUES (848656293, '111111', 69866, 'LloydsBank');
INSERT INTO `bankcard` VALUES (849522276, '111111', 402518, 'LloydsBank');
INSERT INTO `bankcard` VALUES (849987486, '111111', 395071, 'HSBC');
INSERT INTO `bankcard` VALUES (850481101, '111111', 794563, 'HSBC');
INSERT INTO `bankcard` VALUES (853029179, '111111', 369415, 'Barclays');
INSERT INTO `bankcard` VALUES (855394071, '111111', 572041, 'Barclays');
INSERT INTO `bankcard` VALUES (856092947, '111111', 802781, 'Barclays');
INSERT INTO `bankcard` VALUES (870799167, '111111', 760093, 'HSBC');
INSERT INTO `bankcard` VALUES (873641369, '111111', 538833, 'LloydsBank');
INSERT INTO `bankcard` VALUES (875121958, '111111', 245631, 'LloydsBank');
INSERT INTO `bankcard` VALUES (881904624, '111111', 746082, 'HSBC');
INSERT INTO `bankcard` VALUES (883694042, '111111', 934992, 'HSBC');
INSERT INTO `bankcard` VALUES (883940651, '111111', 317250, 'LloydsBank');
INSERT INTO `bankcard` VALUES (884706363, '111111', 838620, 'LloydsBank');
INSERT INTO `bankcard` VALUES (893947681, '111111', 796478, 'HSBC');
INSERT INTO `bankcard` VALUES (905472626, '111111', 910063, 'Barclays');
INSERT INTO `bankcard` VALUES (905858043, '111111', 676906, 'HSBC');
INSERT INTO `bankcard` VALUES (906086048, '111111', 286885, 'HSBC');
INSERT INTO `bankcard` VALUES (915028791, '111111', 362973, 'HSBC');
INSERT INTO `bankcard` VALUES (915102036, '111111', 118044, 'LloydsBank');
INSERT INTO `bankcard` VALUES (915751370, '111111', 835253, 'HSBC');
INSERT INTO `bankcard` VALUES (921084177, '111111', 452786, 'Barclays');
INSERT INTO `bankcard` VALUES (921444737, '111111', 968372, 'HSBC');
INSERT INTO `bankcard` VALUES (924119439, '111111', 903440, 'Barclays');
INSERT INTO `bankcard` VALUES (925575465, '111111', 32477, 'LloydsBank');
INSERT INTO `bankcard` VALUES (926860509, '111111', 169511, 'HSBC');
INSERT INTO `bankcard` VALUES (931602302, '111111', 636384, 'HSBC');
INSERT INTO `bankcard` VALUES (932747786, '111111', 353015, 'LloydsBank');
INSERT INTO `bankcard` VALUES (935889112, '111111', 383364, 'LloydsBank');
INSERT INTO `bankcard` VALUES (936084429, '111111', 464665, 'Barclays');
INSERT INTO `bankcard` VALUES (937628726, '111111', 158014, 'Barclays');
INSERT INTO `bankcard` VALUES (939156410, '111111', 126019, 'Barclays');
INSERT INTO `bankcard` VALUES (946564643, '111111', 760383, 'HSBC');
INSERT INTO `bankcard` VALUES (952513573, '111111', 985272, 'Barclays');
INSERT INTO `bankcard` VALUES (953417955, '111111', 958165, 'Barclays');
INSERT INTO `bankcard` VALUES (957524222, '111111', 283236, 'Barclays');
INSERT INTO `bankcard` VALUES (960891236, '111111', 274928, 'Barclays');
INSERT INTO `bankcard` VALUES (961882861, '111111', 54468, 'Barclays');
INSERT INTO `bankcard` VALUES (962508852, '111111', 236048, 'LloydsBank');
INSERT INTO `bankcard` VALUES (964011629, '111111', 495101, 'HSBC');
INSERT INTO `bankcard` VALUES (968061188, '111111', 453257, 'HSBC');
INSERT INTO `bankcard` VALUES (971081152, '111111', 833414, 'Barclays');
INSERT INTO `bankcard` VALUES (972040849, '111111', 960388, 'HSBC');
INSERT INTO `bankcard` VALUES (972300695, '111111', 957010, 'Barclays');
INSERT INTO `bankcard` VALUES (973697028, '111111', 55835, 'Barclays');
INSERT INTO `bankcard` VALUES (974827196, '111111', 180772, 'Barclays');
INSERT INTO `bankcard` VALUES (976571942, '111111', 81901, 'HSBC');
INSERT INTO `bankcard` VALUES (979248163, '111111', 893261, 'HSBC');
INSERT INTO `bankcard` VALUES (981677118, '111111', 481454, 'Barclays');
INSERT INTO `bankcard` VALUES (989427108, '111111', 571749, 'HSBC');
INSERT INTO `bankcard` VALUES (1005111185, '111111', 414370, 'Barclays');
INSERT INTO `bankcard` VALUES (1005872264, '111111', 59048, 'Barclays');
INSERT INTO `bankcard` VALUES (1005939857, '111111', 703357, 'LloydsBank');
INSERT INTO `bankcard` VALUES (1011059664, '111111', 381221, 'HSBC');
INSERT INTO `bankcard` VALUES (1014145791, '111111', 685441, 'LloydsBank');
INSERT INTO `bankcard` VALUES (1020559070, '111111', 812603, 'HSBC');
INSERT INTO `bankcard` VALUES (1022883763, '111111', 831080, 'LloydsBank');
INSERT INTO `bankcard` VALUES (1022924840, '111111', 526108, 'HSBC');
INSERT INTO `bankcard` VALUES (1025593216, '111111', 529387, 'HSBC');
INSERT INTO `bankcard` VALUES (1030593670, '111111', 810053, 'LloydsBank');
INSERT INTO `bankcard` VALUES (1037115313, '111111', 943901, 'HSBC');
INSERT INTO `bankcard` VALUES (1037351176, '111111', 436597, 'HSBC');
INSERT INTO `bankcard` VALUES (1038235407, '111111', 58399, 'Barclays');
INSERT INTO `bankcard` VALUES (1040538527, '111111', 708203, 'HSBC');
INSERT INTO `bankcard` VALUES (1043328203, '111111', 245366, 'Barclays');
INSERT INTO `bankcard` VALUES (1043603794, '111111', 859972, 'LloydsBank');
INSERT INTO `bankcard` VALUES (1056325711, '111111', 305928, 'HSBC');
INSERT INTO `bankcard` VALUES (1063194235, '111111', 723595, 'HSBC');
INSERT INTO `bankcard` VALUES (1063648103, '111111', 309120, 'Barclays');
INSERT INTO `bankcard` VALUES (1064794100, '111111', 545113, 'HSBC');
INSERT INTO `bankcard` VALUES (1067129297, '111111', 635249, 'Barclays');
INSERT INTO `bankcard` VALUES (1074037311, '111111', 587716, 'Barclays');
INSERT INTO `bankcard` VALUES (1075641181, '111111', 60176, 'LloydsBank');
INSERT INTO `bankcard` VALUES (1076450621, '111111', 216391, 'HSBC');
INSERT INTO `bankcard` VALUES (1077097447, '111111', 675858, 'LloydsBank');
INSERT INTO `bankcard` VALUES (1078452236, '111111', 212685, 'HSBC');
INSERT INTO `bankcard` VALUES (1078759223, '111111', 751281, 'HSBC');
INSERT INTO `bankcard` VALUES (1078813015, '111111', 655965, 'Barclays');
INSERT INTO `bankcard` VALUES (1080653539, '111111', 832600, 'HSBC');
INSERT INTO `bankcard` VALUES (1080846457, '111111', 25989, 'HSBC');
INSERT INTO `bankcard` VALUES (1082005310, '111111', 20144, 'Barclays');
INSERT INTO `bankcard` VALUES (1083262227, '111111', 15529, 'LloydsBank');
INSERT INTO `bankcard` VALUES (1084100683, '111111', 336381, 'HSBC');
INSERT INTO `bankcard` VALUES (1085987227, '111111', 453305, 'HSBC');
INSERT INTO `bankcard` VALUES (1087322232, '111111', 22427, 'HSBC');
INSERT INTO `bankcard` VALUES (1088082145, '111111', 727510, 'LloydsBank');
INSERT INTO `bankcard` VALUES (1088506570, '111111', 354461, 'LloydsBank');
INSERT INTO `bankcard` VALUES (1095419809, '111111', 764513, 'HSBC');
INSERT INTO `bankcard` VALUES (1098769210, '111111', 658072, 'LloydsBank');
INSERT INTO `bankcard` VALUES (1099224401, '111111', 467395, 'HSBC');

-- ----------------------------
-- Table structure for bill
-- ----------------------------
DROP TABLE IF EXISTS `bill`;
CREATE TABLE `bill`  (
  `SENDER` int(0) UNSIGNED NULL DEFAULT NULL,
  `PAYEE` int(0) UNSIGNED NULL DEFAULT NULL,
  `VALUE` double NULL DEFAULT NULL,
  `TYPE` varchar(20) CHARACTER SET utf8mb3 COLLATE utf8mb3_general_ci NULL DEFAULT NULL,
  INDEX `SENDER`(`SENDER`) USING BTREE,
  INDEX `PAYEE`(`PAYEE`) USING BTREE,
  CONSTRAINT `bill_ibfk_1` FOREIGN KEY (`SENDER`) REFERENCES `user` (`ID`) ON DELETE RESTRICT ON UPDATE RESTRICT,
  CONSTRAINT `bill_ibfk_2` FOREIGN KEY (`PAYEE`) REFERENCES `user` (`ID`) ON DELETE RESTRICT ON UPDATE RESTRICT
) ENGINE = InnoDB CHARACTER SET = utf8mb3 COLLATE = utf8mb3_general_ci ROW_FORMAT = Dynamic;

-- ----------------------------
-- Records of bill
-- ----------------------------
INSERT INTO `bill` VALUES (NULL, 143, 757657, NULL);
INSERT INTO `bill` VALUES (NULL, 138, 90257, NULL);
INSERT INTO `bill` VALUES (100, NULL, 913497, 'InstantWithdrawal');
INSERT INTO `bill` VALUES (100, NULL, 506115, 'InstantWithdrawal');
INSERT INTO `bill` VALUES (NULL, 107, 511614, NULL);
INSERT INTO `bill` VALUES (100, 118, 603784, 'ExpressTransfer');
INSERT INTO `bill` VALUES (101, 136, 625856, 'ExpressTransfer');
INSERT INTO `bill` VALUES (101, 132, 778583, 'ExpressTransfer');
INSERT INTO `bill` VALUES (101, 104, 691420, 'ExpressTransfer');
INSERT INTO `bill` VALUES (101, NULL, 650672, 'InstantWithdrawal');
INSERT INTO `bill` VALUES (101, 129, 779525, 'ExpressTransfer');
INSERT INTO `bill` VALUES (101, 106, 862518, 'ExpressTransfer');
INSERT INTO `bill` VALUES (102, NULL, 502280, 'InstantWithdrawal');
INSERT INTO `bill` VALUES (NULL, 127, 77480, NULL);
INSERT INTO `bill` VALUES (103, 100, 602373, 'ExpressTransfer');
INSERT INTO `bill` VALUES (NULL, 139, 294649, NULL);
INSERT INTO `bill` VALUES (NULL, 111, 97338, NULL);
INSERT INTO `bill` VALUES (103, NULL, 179985, 'InstantWithdrawal');
INSERT INTO `bill` VALUES (103, 116, 70453, 'ExpressTransfer');
INSERT INTO `bill` VALUES (NULL, 146, 741516, NULL);
INSERT INTO `bill` VALUES (103, NULL, 328669, 'InstantWithdrawal');
INSERT INTO `bill` VALUES (104, NULL, 173034, 'InstantWithdrawal');
INSERT INTO `bill` VALUES (NULL, 148, 447991, NULL);
INSERT INTO `bill` VALUES (104, NULL, 906611, 'InstantWithdrawal');
INSERT INTO `bill` VALUES (NULL, 144, 223191, NULL);
INSERT INTO `bill` VALUES (NULL, 111, 756172, NULL);
INSERT INTO `bill` VALUES (104, 117, 309285, 'ExpressTransfer');
INSERT INTO `bill` VALUES (105, NULL, 276894, 'InstantWithdrawal');
INSERT INTO `bill` VALUES (105, 130, 236206, 'ExpressTransfer');
INSERT INTO `bill` VALUES (NULL, 131, 800874, NULL);
INSERT INTO `bill` VALUES (NULL, 148, 902871, NULL);
INSERT INTO `bill` VALUES (105, 131, 256103, 'ExpressTransfer');
INSERT INTO `bill` VALUES (105, 143, 737968, 'ExpressTransfer');
INSERT INTO `bill` VALUES (NULL, 108, 979452, NULL);
INSERT INTO `bill` VALUES (NULL, 106, 827420, NULL);
INSERT INTO `bill` VALUES (106, 111, 483895, 'ExpressTransfer');
INSERT INTO `bill` VALUES (NULL, 125, 799254, NULL);
INSERT INTO `bill` VALUES (NULL, 148, 346410, NULL);
INSERT INTO `bill` VALUES (NULL, 103, 963069, NULL);
INSERT INTO `bill` VALUES (106, 114, 943310, 'ExpressTransfer');
INSERT INTO `bill` VALUES (106, 103, 741008, 'ExpressTransfer');
INSERT INTO `bill` VALUES (106, NULL, 392836, 'InstantWithdrawal');
INSERT INTO `bill` VALUES (NULL, 104, 52451, NULL);
INSERT INTO `bill` VALUES (107, 118, 167142, 'ExpressTransfer');
INSERT INTO `bill` VALUES (107, NULL, 955733, 'InstantWithdrawal');
INSERT INTO `bill` VALUES (107, 107, 600215, 'ExpressTransfer');
INSERT INTO `bill` VALUES (107, 135, 437226, 'ExpressTransfer');
INSERT INTO `bill` VALUES (107, 142, 932584, 'ExpressTransfer');
INSERT INTO `bill` VALUES (NULL, 130, 87039, NULL);
INSERT INTO `bill` VALUES (108, 114, 717155, 'ExpressTransfer');
INSERT INTO `bill` VALUES (NULL, 148, 641872, NULL);
INSERT INTO `bill` VALUES (NULL, 107, 268460, NULL);
INSERT INTO `bill` VALUES (NULL, 119, 609060, NULL);
INSERT INTO `bill` VALUES (108, NULL, 563749, 'InstantWithdrawal');
INSERT INTO `bill` VALUES (108, 139, 31177, 'ExpressTransfer');
INSERT INTO `bill` VALUES (108, NULL, 708126, 'InstantWithdrawal');
INSERT INTO `bill` VALUES (109, NULL, 94024, 'InstantWithdrawal');
INSERT INTO `bill` VALUES (NULL, 137, 298312, NULL);
INSERT INTO `bill` VALUES (110, 141, 720353, 'ExpressTransfer');
INSERT INTO `bill` VALUES (110, 127, 265536, 'ExpressTransfer');
INSERT INTO `bill` VALUES (110, NULL, 215944, 'InstantWithdrawal');
INSERT INTO `bill` VALUES (110, NULL, 692125, 'InstantWithdrawal');
INSERT INTO `bill` VALUES (111, NULL, 699747, 'InstantWithdrawal');
INSERT INTO `bill` VALUES (111, NULL, 798492, 'InstantWithdrawal');
INSERT INTO `bill` VALUES (NULL, 148, 917780, NULL);
INSERT INTO `bill` VALUES (NULL, 115, 564112, NULL);
INSERT INTO `bill` VALUES (NULL, 129, 633641, NULL);
INSERT INTO `bill` VALUES (111, 127, 170344, 'ExpressTransfer');
INSERT INTO `bill` VALUES (112, 148, 140633, 'ExpressTransfer');
INSERT INTO `bill` VALUES (112, 146, 709369, 'ExpressTransfer');
INSERT INTO `bill` VALUES (NULL, 105, 451099, NULL);
INSERT INTO `bill` VALUES (NULL, 114, 195587, NULL);
INSERT INTO `bill` VALUES (NULL, 135, 163151, NULL);
INSERT INTO `bill` VALUES (114, 120, 763513, 'ExpressTransfer');
INSERT INTO `bill` VALUES (114, NULL, 647837, 'InstantWithdrawal');
INSERT INTO `bill` VALUES (114, NULL, 692908, 'InstantWithdrawal');
INSERT INTO `bill` VALUES (NULL, 107, 278628, NULL);
INSERT INTO `bill` VALUES (114, NULL, 244867, 'InstantWithdrawal');
INSERT INTO `bill` VALUES (115, NULL, 826818, 'InstantWithdrawal');
INSERT INTO `bill` VALUES (115, 113, 195750, 'ExpressTransfer');
INSERT INTO `bill` VALUES (115, NULL, 779319, 'InstantWithdrawal');
INSERT INTO `bill` VALUES (NULL, 138, 231699, NULL);
INSERT INTO `bill` VALUES (NULL, 119, 210272, NULL);
INSERT INTO `bill` VALUES (115, 104, 478768, 'ExpressTransfer');
INSERT INTO `bill` VALUES (115, 129, 155499, 'ExpressTransfer');
INSERT INTO `bill` VALUES (NULL, 101, 224445, NULL);
INSERT INTO `bill` VALUES (NULL, 139, 854978, NULL);
INSERT INTO `bill` VALUES (116, 118, 567192, 'ExpressTransfer');
INSERT INTO `bill` VALUES (NULL, 116, 731241, NULL);
INSERT INTO `bill` VALUES (116, NULL, 234063, 'InstantWithdrawal');
INSERT INTO `bill` VALUES (116, NULL, 986978, 'InstantWithdrawal');
INSERT INTO `bill` VALUES (117, NULL, 597678, 'InstantWithdrawal');
INSERT INTO `bill` VALUES (NULL, 111, 990512, NULL);
INSERT INTO `bill` VALUES (117, 124, 846942, 'ExpressTransfer');
INSERT INTO `bill` VALUES (117, 136, 66209, 'ExpressTransfer');
INSERT INTO `bill` VALUES (117, 146, 625073, 'ExpressTransfer');
INSERT INTO `bill` VALUES (117, 147, 664995, 'ExpressTransfer');
INSERT INTO `bill` VALUES (117, 134, 390581, 'ExpressTransfer');
INSERT INTO `bill` VALUES (117, NULL, 114696, 'InstantWithdrawal');
INSERT INTO `bill` VALUES (NULL, 130, 564385, NULL);
INSERT INTO `bill` VALUES (NULL, 120, 982174, NULL);
INSERT INTO `bill` VALUES (NULL, 132, 237511, NULL);
INSERT INTO `bill` VALUES (118, 137, 565860, 'ExpressTransfer');
INSERT INTO `bill` VALUES (NULL, 110, 682912, NULL);
INSERT INTO `bill` VALUES (NULL, 131, 396840, NULL);
INSERT INTO `bill` VALUES (NULL, 126, 970558, NULL);
INSERT INTO `bill` VALUES (119, 125, 973719, 'ExpressTransfer');
INSERT INTO `bill` VALUES (NULL, 126, 136960, NULL);
INSERT INTO `bill` VALUES (120, NULL, 455230, 'InstantWithdrawal');
INSERT INTO `bill` VALUES (NULL, 117, 107076, NULL);
INSERT INTO `bill` VALUES (120, NULL, 100613, 'InstantWithdrawal');
INSERT INTO `bill` VALUES (NULL, 105, 385776, NULL);
INSERT INTO `bill` VALUES (121, 120, 78579, 'ExpressTransfer');
INSERT INTO `bill` VALUES (NULL, 122, 637401, NULL);
INSERT INTO `bill` VALUES (121, NULL, 70151, 'InstantWithdrawal');
INSERT INTO `bill` VALUES (121, NULL, 268232, 'InstantWithdrawal');
INSERT INTO `bill` VALUES (NULL, 121, 54481, NULL);
INSERT INTO `bill` VALUES (121, NULL, 64992, 'InstantWithdrawal');
INSERT INTO `bill` VALUES (121, NULL, 192891, 'InstantWithdrawal');
INSERT INTO `bill` VALUES (121, 115, 378008, 'ExpressTransfer');
INSERT INTO `bill` VALUES (121, 107, 458339, 'ExpressTransfer');
INSERT INTO `bill` VALUES (121, 142, 433290, 'ExpressTransfer');
INSERT INTO `bill` VALUES (NULL, 129, 336281, NULL);
INSERT INTO `bill` VALUES (121, NULL, 834112, 'InstantWithdrawal');
INSERT INTO `bill` VALUES (NULL, 110, 110052, NULL);
INSERT INTO `bill` VALUES (NULL, 146, 988869, NULL);
INSERT INTO `bill` VALUES (122, 145, 780367, 'ExpressTransfer');
INSERT INTO `bill` VALUES (122, NULL, 448651, 'InstantWithdrawal');
INSERT INTO `bill` VALUES (122, 100, 774700, 'ExpressTransfer');
INSERT INTO `bill` VALUES (122, 145, 587493, 'ExpressTransfer');
INSERT INTO `bill` VALUES (122, NULL, 345382, 'InstantWithdrawal');
INSERT INTO `bill` VALUES (NULL, 124, 80172, NULL);
INSERT INTO `bill` VALUES (123, NULL, 879074, 'InstantWithdrawal');
INSERT INTO `bill` VALUES (123, NULL, 531384, 'InstantWithdrawal');
INSERT INTO `bill` VALUES (NULL, 139, 441674, NULL);
INSERT INTO `bill` VALUES (124, NULL, 231831, 'InstantWithdrawal');
INSERT INTO `bill` VALUES (NULL, 106, 920433, NULL);
INSERT INTO `bill` VALUES (124, 109, 54207, 'ExpressTransfer');
INSERT INTO `bill` VALUES (124, 148, 949063, 'ExpressTransfer');
INSERT INTO `bill` VALUES (NULL, 106, 487842, NULL);
INSERT INTO `bill` VALUES (124, 135, 531615, 'ExpressTransfer');
INSERT INTO `bill` VALUES (124, NULL, 110473, 'InstantWithdrawal');
INSERT INTO `bill` VALUES (124, NULL, 181648, 'InstantWithdrawal');
INSERT INTO `bill` VALUES (125, 107, 946527, 'ExpressTransfer');
INSERT INTO `bill` VALUES (125, 113, 670555, 'ExpressTransfer');
INSERT INTO `bill` VALUES (125, NULL, 755658, 'InstantWithdrawal');
INSERT INTO `bill` VALUES (125, NULL, 695380, 'InstantWithdrawal');
INSERT INTO `bill` VALUES (NULL, 134, 73211, NULL);
INSERT INTO `bill` VALUES (127, NULL, 145873, 'InstantWithdrawal');
INSERT INTO `bill` VALUES (NULL, 129, 540048, NULL);
INSERT INTO `bill` VALUES (128, 141, 608928, 'ExpressTransfer');
INSERT INTO `bill` VALUES (128, NULL, 992607, 'InstantWithdrawal');
INSERT INTO `bill` VALUES (128, NULL, 225401, 'InstantWithdrawal');
INSERT INTO `bill` VALUES (NULL, 108, 967607, NULL);
INSERT INTO `bill` VALUES (NULL, 102, 304043, NULL);
INSERT INTO `bill` VALUES (130, NULL, 9708, 'InstantWithdrawal');
INSERT INTO `bill` VALUES (130, 122, 137096, 'ExpressTransfer');
INSERT INTO `bill` VALUES (130, 118, 251052, 'ExpressTransfer');
INSERT INTO `bill` VALUES (130, NULL, 466450, 'InstantWithdrawal');
INSERT INTO `bill` VALUES (130, 121, 598022, 'ExpressTransfer');
INSERT INTO `bill` VALUES (130, 122, 123514, 'ExpressTransfer');
INSERT INTO `bill` VALUES (130, NULL, 399379, 'InstantWithdrawal');
INSERT INTO `bill` VALUES (NULL, 128, 178696, NULL);
INSERT INTO `bill` VALUES (NULL, 121, 9315, NULL);
INSERT INTO `bill` VALUES (132, 124, 914221, 'ExpressTransfer');
INSERT INTO `bill` VALUES (132, NULL, 801235, 'InstantWithdrawal');
INSERT INTO `bill` VALUES (132, NULL, 538029, 'InstantWithdrawal');
INSERT INTO `bill` VALUES (132, 107, 531194, 'ExpressTransfer');
INSERT INTO `bill` VALUES (133, 111, 765640, 'ExpressTransfer');
INSERT INTO `bill` VALUES (NULL, 116, 421062, NULL);
INSERT INTO `bill` VALUES (133, 131, 109468, 'ExpressTransfer');
INSERT INTO `bill` VALUES (NULL, 127, 593352, NULL);
INSERT INTO `bill` VALUES (NULL, 135, 953227, NULL);
INSERT INTO `bill` VALUES (133, 128, 264537, 'ExpressTransfer');
INSERT INTO `bill` VALUES (NULL, 117, 589544, NULL);
INSERT INTO `bill` VALUES (NULL, 127, 761318, NULL);
INSERT INTO `bill` VALUES (133, 118, 762585, 'ExpressTransfer');
INSERT INTO `bill` VALUES (NULL, 126, 975370, NULL);
INSERT INTO `bill` VALUES (134, NULL, 156693, 'InstantWithdrawal');
INSERT INTO `bill` VALUES (134, 135, 161974, 'ExpressTransfer');
INSERT INTO `bill` VALUES (134, NULL, 766876, 'InstantWithdrawal');
INSERT INTO `bill` VALUES (135, NULL, 209568, 'InstantWithdrawal');
INSERT INTO `bill` VALUES (135, NULL, 429822, 'InstantWithdrawal');
INSERT INTO `bill` VALUES (NULL, 133, 387430, NULL);
INSERT INTO `bill` VALUES (NULL, 114, 898719, NULL);
INSERT INTO `bill` VALUES (135, 110, 281036, 'ExpressTransfer');
INSERT INTO `bill` VALUES (135, 122, 34034, 'ExpressTransfer');
INSERT INTO `bill` VALUES (NULL, 144, 863509, NULL);
INSERT INTO `bill` VALUES (NULL, 106, 444868, NULL);
INSERT INTO `bill` VALUES (NULL, 147, 501846, NULL);
INSERT INTO `bill` VALUES (136, 116, 289259, 'ExpressTransfer');
INSERT INTO `bill` VALUES (136, NULL, 140953, 'InstantWithdrawal');
INSERT INTO `bill` VALUES (136, NULL, 425542, 'InstantWithdrawal');
INSERT INTO `bill` VALUES (136, NULL, 948095, 'InstantWithdrawal');
INSERT INTO `bill` VALUES (136, NULL, 978274, 'InstantWithdrawal');
INSERT INTO `bill` VALUES (136, NULL, 662729, 'InstantWithdrawal');
INSERT INTO `bill` VALUES (136, NULL, 466372, 'InstantWithdrawal');
INSERT INTO `bill` VALUES (136, NULL, 130951, 'InstantWithdrawal');
INSERT INTO `bill` VALUES (137, NULL, 876125, 'InstantWithdrawal');
INSERT INTO `bill` VALUES (137, 140, 913113, 'ExpressTransfer');
INSERT INTO `bill` VALUES (NULL, 115, 887065, NULL);
INSERT INTO `bill` VALUES (NULL, 138, 944759, NULL);
INSERT INTO `bill` VALUES (NULL, 147, 689895, NULL);
INSERT INTO `bill` VALUES (137, 138, 517213, 'ExpressTransfer');
INSERT INTO `bill` VALUES (NULL, 112, 938025, NULL);
INSERT INTO `bill` VALUES (NULL, 107, 898656, NULL);
INSERT INTO `bill` VALUES (NULL, 139, 897528, NULL);
INSERT INTO `bill` VALUES (138, NULL, 827280, 'InstantWithdrawal');
INSERT INTO `bill` VALUES (138, 143, 816541, 'ExpressTransfer');
INSERT INTO `bill` VALUES (NULL, 120, 516517, NULL);
INSERT INTO `bill` VALUES (138, NULL, 390978, 'InstantWithdrawal');
INSERT INTO `bill` VALUES (NULL, 125, 130546, NULL);
INSERT INTO `bill` VALUES (138, 147, 688618, 'ExpressTransfer');
INSERT INTO `bill` VALUES (139, 100, 214917, 'ExpressTransfer');
INSERT INTO `bill` VALUES (139, 139, 71959, 'ExpressTransfer');
INSERT INTO `bill` VALUES (139, 123, 389728, 'ExpressTransfer');
INSERT INTO `bill` VALUES (NULL, 101, 201996, NULL);
INSERT INTO `bill` VALUES (140, NULL, 951916, 'InstantWithdrawal');
INSERT INTO `bill` VALUES (140, NULL, 208249, 'InstantWithdrawal');
INSERT INTO `bill` VALUES (NULL, 128, 736591, NULL);
INSERT INTO `bill` VALUES (140, NULL, 592058, 'InstantWithdrawal');
INSERT INTO `bill` VALUES (NULL, 136, 397648, NULL);
INSERT INTO `bill` VALUES (141, NULL, 703811, 'InstantWithdrawal');
INSERT INTO `bill` VALUES (NULL, 116, 648061, NULL);
INSERT INTO `bill` VALUES (142, 147, 282926, 'ExpressTransfer');
INSERT INTO `bill` VALUES (142, NULL, 865126, 'InstantWithdrawal');
INSERT INTO `bill` VALUES (143, NULL, 688979, 'InstantWithdrawal');
INSERT INTO `bill` VALUES (NULL, 113, 692165, NULL);
INSERT INTO `bill` VALUES (143, NULL, 307869, 'InstantWithdrawal');
INSERT INTO `bill` VALUES (NULL, 142, 113123, NULL);
INSERT INTO `bill` VALUES (145, 113, 368425, 'ExpressTransfer');
INSERT INTO `bill` VALUES (NULL, 107, 990515, NULL);
INSERT INTO `bill` VALUES (145, 123, 941456, 'ExpressTransfer');
INSERT INTO `bill` VALUES (146, NULL, 98452, 'InstantWithdrawal');
INSERT INTO `bill` VALUES (146, 113, 837509, 'ExpressTransfer');
INSERT INTO `bill` VALUES (146, 104, 901646, 'ExpressTransfer');
INSERT INTO `bill` VALUES (147, NULL, 356857, 'InstantWithdrawal');
INSERT INTO `bill` VALUES (147, NULL, 965607, 'InstantWithdrawal');
INSERT INTO `bill` VALUES (147, 112, 188450, 'ExpressTransfer');
INSERT INTO `bill` VALUES (NULL, 113, 906363, NULL);
INSERT INTO `bill` VALUES (NULL, 131, 24273, NULL);
INSERT INTO `bill` VALUES (147, NULL, 145998, 'InstantWithdrawal');
INSERT INTO `bill` VALUES (147, 124, 709732, 'ExpressTransfer');
INSERT INTO `bill` VALUES (147, NULL, 394228, 'InstantWithdrawal');
INSERT INTO `bill` VALUES (148, 141, 849472, 'ExpressTransfer');
INSERT INTO `bill` VALUES (148, NULL, 665487, 'InstantWithdrawal');
INSERT INTO `bill` VALUES (NULL, 130, 847207, NULL);
INSERT INTO `bill` VALUES (148, NULL, 604191, 'InstantWithdrawal');
INSERT INTO `bill` VALUES (148, 127, 135663, 'ExpressTransfer');
INSERT INTO `bill` VALUES (NULL, 124, 86351, NULL);
INSERT INTO `bill` VALUES (148, 128, 848404, 'ExpressTransfer');
INSERT INTO `bill` VALUES (NULL, 122, 824432, NULL);
INSERT INTO `bill` VALUES (149, NULL, 814759, 'InstantWithdrawal');
INSERT INTO `bill` VALUES (149, NULL, 523816, 'InstantWithdrawal');
INSERT INTO `bill` VALUES (NULL, 104, 538078, NULL);
INSERT INTO `bill` VALUES (149, 102, 237625, 'ExpressTransfer');
INSERT INTO `bill` VALUES (NULL, 135, 460581, NULL);
INSERT INTO `bill` VALUES (149, 128, 889913, 'ExpressTransfer');
INSERT INTO `bill` VALUES (NULL, 100, 100, 'DEPOSIT');
INSERT INTO `bill` VALUES (NULL, 100, 100, 'DEPOSIT');

-- ----------------------------
-- Table structure for loan
-- ----------------------------
DROP TABLE IF EXISTS `loan`;
CREATE TABLE `loan`  (
  `ID` int(0) UNSIGNED NOT NULL AUTO_INCREMENT,
  `INTERESTRATE` double NOT NULL,
  `NAME` varchar(20) CHARACTER SET utf8mb3 COLLATE utf8mb3_general_ci NOT NULL,
  `DETIAL` varchar(100) CHARACTER SET utf8mb3 COLLATE utf8mb3_general_ci NULL DEFAULT NULL,
  PRIMARY KEY (`ID`) USING BTREE
) ENGINE = InnoDB AUTO_INCREMENT = 6 CHARACTER SET = utf8mb3 COLLATE = utf8mb3_general_ci ROW_FORMAT = Dynamic;

-- ----------------------------
-- Records of loan
-- ----------------------------
INSERT INTO `loan` VALUES (1, 1.0032, 'FlexiLoan', 'Variable rate starting at 0.32% APR');
INSERT INTO `loan` VALUES (2, 1.18, 'PremierLoan', 'Fixed rate 18% APR with premium benefits');
INSERT INTO `loan` VALUES (3, 1.045, 'StandardLoan', 'Competitive 4.5% APR for prime borrowers');
INSERT INTO `loan` VALUES (4, 1, 'InterestFreeLoan', '0% APR for 3-month repayment period');
INSERT INTO `loan` VALUES (5, 1, 'MortgageLoan', 'Collateral required (residential property)');

-- ----------------------------
-- Table structure for user
-- ----------------------------
DROP TABLE IF EXISTS `user`;
CREATE TABLE `user`  (
  `ID` int(0) UNSIGNED NOT NULL,
  `PASSWORD` varchar(20) CHARACTER SET utf8mb3 COLLATE utf8mb3_general_ci NOT NULL,
  `NAME` varchar(20) CHARACTER SET utf8mb3 COLLATE utf8mb3_general_ci NULL DEFAULT NULL,
  `PHONE_NUMBER` varchar(20) CHARACTER SET utf8mb3 COLLATE utf8mb3_general_ci NULL DEFAULT NULL,
  `ADDRESS` varchar(100) CHARACTER SET utf8mb3 COLLATE utf8mb3_general_ci NULL DEFAULT NULL,
  PRIMARY KEY (`ID`) USING BTREE
) ENGINE = InnoDB CHARACTER SET = utf8mb3 COLLATE = utf8mb3_general_ci ROW_FORMAT = Dynamic;

-- ----------------------------
-- Records of user
-- ----------------------------
INSERT INTO `user` VALUES (100, '100', 'John', '555-1234', '76 Park Ave - 5 - 0');
INSERT INTO `user` VALUES (101, '101', 'Alice', '555-2345', '50 Elm St - 2 - 0');
INSERT INTO `user` VALUES (102, '102', 'Bob', '555-3456', '59 Oak St - 14 - 0');
INSERT INTO `user` VALUES (103, '103', 'Emma', '555-4567', '102 Pine St - 5 - 8');
INSERT INTO `user` VALUES (104, '104', 'David', '555-5678', '104 Cedar St - 16 - 2');
INSERT INTO `user` VALUES (105, '105', 'Olivia', '555-6789', '33 Maple St - 18 - 5');
INSERT INTO `user` VALUES (106, '106', 'Michael', '555-7890', '149 Birch St - 18 - 5');
INSERT INTO `user` VALUES (107, '107', 'Sophia', '555-8901', '46 Spruce St - 10 - 9');
INSERT INTO `user` VALUES (108, '108', 'William', '555-9012', '97 Walnut St - 5 - 0');
INSERT INTO `user` VALUES (109, '109', 'Isabella', '555-0123', '31 Chestnut St - 14 - 3');
INSERT INTO `user` VALUES (110, '110', 'James', '555-1345', '64 Cedar Ave - 7 - 8');
INSERT INTO `user` VALUES (111, '111', 'Mia', '555-2456', '13 Oakwood Dr - 18 - 1');
INSERT INTO `user` VALUES (112, '112', 'Benjamin', '555-3567', '95 Elmwood Dr - 1 - 1');
INSERT INTO `user` VALUES (113, '113', 'Charlotte', '555-4678', '140 Willow St - 0 - 3');
INSERT INTO `user` VALUES (114, '114', 'Jacob', '555-5789', '95 Ash St - 15 - 0');
INSERT INTO `user` VALUES (115, '115', 'Abigail', '555-6890', '16 Pinewood Dr - 16 - 1');
INSERT INTO `user` VALUES (116, '116', 'Ethan', '555-7901', '21 Elm St - 0 - 2');
INSERT INTO `user` VALUES (117, '117', 'Emily', '555-8012', '65 Cedar St - 2 - 3');
INSERT INTO `user` VALUES (118, '118', 'Alexander', '555-9123', '100 Oak St - 6 - 2');
INSERT INTO `user` VALUES (119, '119', 'Harper', '555-0234', '39 Spruce St - 4 - 6');
INSERT INTO `user` VALUES (120, '120', 'Daniel', '555-1456', '49 Walnut St - 5 - 8');
INSERT INTO `user` VALUES (121, '121', 'Amelia', '555-2567', '18 Chestnut St - 16 - 9');
INSERT INTO `user` VALUES (122, '122', 'Matthew', '555-3678', '124 Elm St - 17 - 1');
INSERT INTO `user` VALUES (123, '123', 'Evelyn', '555-4789', '103 Oak St - 1 - 3');
INSERT INTO `user` VALUES (124, '124', 'Aiden', '555-5890', '19 Pine St - 16 - 6');
INSERT INTO `user` VALUES (125, '125', 'Elizabeth', '555-6901', '111 Cedar St - 3 - 8');
INSERT INTO `user` VALUES (126, '126', 'Joseph', '555-7012', '30 Spruce St - 5 - 5');
INSERT INTO `user` VALUES (127, '127', 'Sofia', '555-8123', '86 Walnut St - 1 - 1');
INSERT INTO `user` VALUES (128, '128', 'Jackson', '555-9234', '138 Elm St - 2 - 6');
INSERT INTO `user` VALUES (129, '129', 'Grace', '555-0345', '112 Oak St - 12 - 2');
INSERT INTO `user` VALUES (130, '130', 'Samuel', '555-1567', '16 Pine St - 2 - 2');
INSERT INTO `user` VALUES (131, '131', 'Chloe', '555-2678', '93 Cedar St - 16 - 2');
INSERT INTO `user` VALUES (132, '132', 'Henry', '555-3789', '90 Spruce St - 8 - 0');
INSERT INTO `user` VALUES (133, '133', 'Victoria', '555-4890', '136 Elm St - 11 - 3');
INSERT INTO `user` VALUES (134, '134', 'Owen', '555-5901', '101 Oak St - 12 - 0');
INSERT INTO `user` VALUES (135, '135', 'Avery', '555-6012', '55 Elm St - 12 - 2');
INSERT INTO `user` VALUES (136, '136', 'Sebastian', '555-7123', '82 Pine St - 15 - 5');
INSERT INTO `user` VALUES (137, '137', 'Ella', '555-8234', '73 Cedar St - 6 - 8');
INSERT INTO `user` VALUES (138, '138', 'Logan', '555-9345', '24 Oak St - 12 - 4');
INSERT INTO `user` VALUES (139, '139', 'Scarlett', '555-0456', '72 Spruce St - 19 - 7');
INSERT INTO `user` VALUES (140, '140', 'Lucas', '555-1678', '81 Elm St - 19 - 0');
INSERT INTO `user` VALUES (141, '141', 'Luna', '555-2789', '146 Cedar St - 6 - 5');
INSERT INTO `user` VALUES (142, '142', 'Mason', '555-3890', '45 Pine St - 2 - 0');
INSERT INTO `user` VALUES (143, '143', 'Lily', '555-4901', '147 Elm St - 13 - 8');
INSERT INTO `user` VALUES (144, '144', 'Carter', '555-5012', '82 Pine St - 12 - 0');
INSERT INTO `user` VALUES (145, '145', 'Layla', '555-6123', '42 Cedar St - 3 - 7');
INSERT INTO `user` VALUES (146, '146', 'Jayden', '555-7234', '64 Oak St - 5 - 8');
INSERT INTO `user` VALUES (147, '147', 'Zoey', '555-8345', '125 Spruce St - 12 - 5');
INSERT INTO `user` VALUES (148, '148', 'Dylan', '555-9456', '82 Elm St - 15 - 2');
INSERT INTO `user` VALUES (149, '149', 'Addison', '555-0567', '84 Pine St - 10 - 0');

-- ----------------------------
-- Table structure for user_bankcard
-- ----------------------------
DROP TABLE IF EXISTS `user_bankcard`;
CREATE TABLE `user_bankcard`  (
  `USERID` int(0) UNSIGNED NOT NULL,
  `BANKCARDNUMBER` int(0) UNSIGNED NOT NULL,
  PRIMARY KEY (`USERID`, `BANKCARDNUMBER`) USING BTREE,
  CONSTRAINT `user_bankcard_ibfk_1` FOREIGN KEY (`USERID`) REFERENCES `user` (`ID`) ON DELETE RESTRICT ON UPDATE RESTRICT
) ENGINE = InnoDB CHARACTER SET = utf8mb3 COLLATE = utf8mb3_general_ci ROW_FORMAT = Dynamic;

-- ----------------------------
-- Records of user_bankcard
-- ----------------------------
INSERT INTO `user_bankcard` VALUES (100, 88888888);
INSERT INTO `user_bankcard` VALUES (100, 222290099);
INSERT INTO `user_bankcard` VALUES (100, 291144087);
INSERT INTO `user_bankcard` VALUES (100, 479565816);
INSERT INTO `user_bankcard` VALUES (100, 627266229);
INSERT INTO `user_bankcard` VALUES (100, 936084429);
INSERT INTO `user_bankcard` VALUES (100, 964011629);
INSERT INTO `user_bankcard` VALUES (100, 1064794100);
INSERT INTO `user_bankcard` VALUES (101, 1030593670);
INSERT INTO `user_bankcard` VALUES (103, 388317016);
INSERT INTO `user_bankcard` VALUES (103, 674566524);
INSERT INTO `user_bankcard` VALUES (104, 286919848);
INSERT INTO `user_bankcard` VALUES (104, 298931998);
INSERT INTO `user_bankcard` VALUES (104, 570147260);
INSERT INTO `user_bankcard` VALUES (104, 573020101);
INSERT INTO `user_bankcard` VALUES (104, 617849467);
INSERT INTO `user_bankcard` VALUES (105, 148618940);
INSERT INTO `user_bankcard` VALUES (105, 302156364);
INSERT INTO `user_bankcard` VALUES (105, 1080653539);
INSERT INTO `user_bankcard` VALUES (106, 271837137);
INSERT INTO `user_bankcard` VALUES (106, 729377172);
INSERT INTO `user_bankcard` VALUES (107, 435996008);
INSERT INTO `user_bankcard` VALUES (107, 509348328);
INSERT INTO `user_bankcard` VALUES (107, 583725408);
INSERT INTO `user_bankcard` VALUES (107, 586107670);
INSERT INTO `user_bankcard` VALUES (107, 649229564);
INSERT INTO `user_bankcard` VALUES (107, 742546376);
INSERT INTO `user_bankcard` VALUES (107, 1020559070);
INSERT INTO `user_bankcard` VALUES (108, 110537881);
INSERT INTO `user_bankcard` VALUES (108, 429229850);
INSERT INTO `user_bankcard` VALUES (108, 474057999);
INSERT INTO `user_bankcard` VALUES (108, 496806858);
INSERT INTO `user_bankcard` VALUES (108, 981677118);
INSERT INTO `user_bankcard` VALUES (109, 716381842);
INSERT INTO `user_bankcard` VALUES (110, 162041857);
INSERT INTO `user_bankcard` VALUES (110, 360948503);
INSERT INTO `user_bankcard` VALUES (110, 881904624);
INSERT INTO `user_bankcard` VALUES (111, 556145228);
INSERT INTO `user_bankcard` VALUES (111, 925575465);
INSERT INTO `user_bankcard` VALUES (112, 306194919);
INSERT INTO `user_bankcard` VALUES (112, 481030374);
INSERT INTO `user_bankcard` VALUES (112, 574621574);
INSERT INTO `user_bankcard` VALUES (112, 706242168);
INSERT INTO `user_bankcard` VALUES (112, 709133180);
INSERT INTO `user_bankcard` VALUES (112, 829448862);
INSERT INTO `user_bankcard` VALUES (113, 251266544);
INSERT INTO `user_bankcard` VALUES (113, 625668743);
INSERT INTO `user_bankcard` VALUES (114, 137736998);
INSERT INTO `user_bankcard` VALUES (114, 485418713);
INSERT INTO `user_bankcard` VALUES (114, 571670535);
INSERT INTO `user_bankcard` VALUES (114, 579620341);
INSERT INTO `user_bankcard` VALUES (114, 715683190);
INSERT INTO `user_bankcard` VALUES (114, 875121958);
INSERT INTO `user_bankcard` VALUES (114, 962508852);
INSERT INTO `user_bankcard` VALUES (114, 1011059664);
INSERT INTO `user_bankcard` VALUES (114, 1085987227);
INSERT INTO `user_bankcard` VALUES (115, 408584705);
INSERT INTO `user_bankcard` VALUES (115, 700834943);
INSERT INTO `user_bankcard` VALUES (116, 592928446);
INSERT INTO `user_bankcard` VALUES (116, 795434688);
INSERT INTO `user_bankcard` VALUES (116, 848656293);
INSERT INTO `user_bankcard` VALUES (118, 307411004);
INSERT INTO `user_bankcard` VALUES (118, 1078452236);
INSERT INTO `user_bankcard` VALUES (119, 360311210);
INSERT INTO `user_bankcard` VALUES (119, 415644538);
INSERT INTO `user_bankcard` VALUES (119, 761711354);
INSERT INTO `user_bankcard` VALUES (119, 1095419809);
INSERT INTO `user_bankcard` VALUES (119, 1099224401);
INSERT INTO `user_bankcard` VALUES (120, 382192019);
INSERT INTO `user_bankcard` VALUES (120, 413040511);
INSERT INTO `user_bankcard` VALUES (120, 475449336);
INSERT INTO `user_bankcard` VALUES (120, 580839587);
INSERT INTO `user_bankcard` VALUES (120, 724661438);
INSERT INTO `user_bankcard` VALUES (121, 151830130);
INSERT INTO `user_bankcard` VALUES (121, 362483218);
INSERT INTO `user_bankcard` VALUES (121, 719375526);
INSERT INTO `user_bankcard` VALUES (121, 1005939857);
INSERT INTO `user_bankcard` VALUES (122, 498401684);
INSERT INTO `user_bankcard` VALUES (122, 681425428);
INSERT INTO `user_bankcard` VALUES (123, 514853058);
INSERT INTO `user_bankcard` VALUES (123, 650563587);
INSERT INTO `user_bankcard` VALUES (124, 313837904);
INSERT INTO `user_bankcard` VALUES (124, 375867367);
INSERT INTO `user_bankcard` VALUES (124, 389129795);
INSERT INTO `user_bankcard` VALUES (124, 465823015);
INSERT INTO `user_bankcard` VALUES (124, 937628726);
INSERT INTO `user_bankcard` VALUES (124, 973697028);
INSERT INTO `user_bankcard` VALUES (124, 1038235407);
INSERT INTO `user_bankcard` VALUES (124, 1076450621);
INSERT INTO `user_bankcard` VALUES (125, 139351650);
INSERT INTO `user_bankcard` VALUES (125, 366607255);
INSERT INTO `user_bankcard` VALUES (126, 534760392);
INSERT INTO `user_bankcard` VALUES (126, 540390477);
INSERT INTO `user_bankcard` VALUES (126, 855394071);
INSERT INTO `user_bankcard` VALUES (126, 1067129297);
INSERT INTO `user_bankcard` VALUES (127, 773986963);
INSERT INTO `user_bankcard` VALUES (128, 150509877);
INSERT INTO `user_bankcard` VALUES (128, 179593245);
INSERT INTO `user_bankcard` VALUES (128, 302345702);
INSERT INTO `user_bankcard` VALUES (128, 388106408);
INSERT INTO `user_bankcard` VALUES (128, 456122404);
INSERT INTO `user_bankcard` VALUES (129, 106171217);
INSERT INTO `user_bankcard` VALUES (129, 191197582);
INSERT INTO `user_bankcard` VALUES (129, 496099548);
INSERT INTO `user_bankcard` VALUES (130, 233730741);
INSERT INTO `user_bankcard` VALUES (130, 297317855);
INSERT INTO `user_bankcard` VALUES (130, 349142570);
INSERT INTO `user_bankcard` VALUES (130, 656241044);
INSERT INTO `user_bankcard` VALUES (130, 676547905);
INSERT INTO `user_bankcard` VALUES (130, 939156410);
INSERT INTO `user_bankcard` VALUES (130, 989427108);
INSERT INTO `user_bankcard` VALUES (130, 1083262227);
INSERT INTO `user_bankcard` VALUES (131, 505861470);
INSERT INTO `user_bankcard` VALUES (132, 440183794);
INSERT INTO `user_bankcard` VALUES (132, 476289583);
INSERT INTO `user_bankcard` VALUES (132, 523570658);
INSERT INTO `user_bankcard` VALUES (132, 1037115313);
INSERT INTO `user_bankcard` VALUES (133, 551463971);
INSERT INTO `user_bankcard` VALUES (133, 1014145791);
INSERT INTO `user_bankcard` VALUES (134, 107066024);
INSERT INTO `user_bankcard` VALUES (134, 182473687);
INSERT INTO `user_bankcard` VALUES (134, 244612589);
INSERT INTO `user_bankcard` VALUES (134, 283876835);
INSERT INTO `user_bankcard` VALUES (134, 649960770);
INSERT INTO `user_bankcard` VALUES (134, 651683508);
INSERT INTO `user_bankcard` VALUES (134, 768209259);
INSERT INTO `user_bankcard` VALUES (134, 842134721);
INSERT INTO `user_bankcard` VALUES (134, 873641369);
INSERT INTO `user_bankcard` VALUES (135, 314740006);
INSERT INTO `user_bankcard` VALUES (135, 589072854);
INSERT INTO `user_bankcard` VALUES (136, 343004493);
INSERT INTO `user_bankcard` VALUES (136, 356169138);
INSERT INTO `user_bankcard` VALUES (136, 782030169);
INSERT INTO `user_bankcard` VALUES (137, 149936052);
INSERT INTO `user_bankcard` VALUES (137, 207081905);
INSERT INTO `user_bankcard` VALUES (137, 276262893);
INSERT INTO `user_bankcard` VALUES (137, 404726106);
INSERT INTO `user_bankcard` VALUES (137, 581438701);
INSERT INTO `user_bankcard` VALUES (137, 696227575);
INSERT INTO `user_bankcard` VALUES (137, 853029179);
INSERT INTO `user_bankcard` VALUES (137, 957524222);
INSERT INTO `user_bankcard` VALUES (137, 1063194235);
INSERT INTO `user_bankcard` VALUES (137, 1088506570);
INSERT INTO `user_bankcard` VALUES (138, 260290013);
INSERT INTO `user_bankcard` VALUES (138, 326700817);
INSERT INTO `user_bankcard` VALUES (138, 368016639);
INSERT INTO `user_bankcard` VALUES (138, 373530030);
INSERT INTO `user_bankcard` VALUES (138, 423595833);
INSERT INTO `user_bankcard` VALUES (138, 550725405);
INSERT INTO `user_bankcard` VALUES (138, 606632602);
INSERT INTO `user_bankcard` VALUES (138, 770913713);
INSERT INTO `user_bankcard` VALUES (138, 779050913);
INSERT INTO `user_bankcard` VALUES (138, 972040849);
INSERT INTO `user_bankcard` VALUES (139, 126142481);
INSERT INTO `user_bankcard` VALUES (139, 132271495);
INSERT INTO `user_bankcard` VALUES (139, 205025817);
INSERT INTO `user_bankcard` VALUES (139, 221944398);
INSERT INTO `user_bankcard` VALUES (139, 312118466);
INSERT INTO `user_bankcard` VALUES (139, 333924802);
INSERT INTO `user_bankcard` VALUES (139, 440359723);
INSERT INTO `user_bankcard` VALUES (139, 450622365);
INSERT INTO `user_bankcard` VALUES (139, 519394105);
INSERT INTO `user_bankcard` VALUES (139, 556135838);
INSERT INTO `user_bankcard` VALUES (139, 580415264);
INSERT INTO `user_bankcard` VALUES (139, 794153804);
INSERT INTO `user_bankcard` VALUES (139, 849987486);
INSERT INTO `user_bankcard` VALUES (139, 893947681);
INSERT INTO `user_bankcard` VALUES (139, 972300695);
INSERT INTO `user_bankcard` VALUES (139, 1005111185);
INSERT INTO `user_bankcard` VALUES (139, 1075641181);
INSERT INTO `user_bankcard` VALUES (140, 276091815);
INSERT INTO `user_bankcard` VALUES (140, 277851070);
INSERT INTO `user_bankcard` VALUES (140, 318783844);
INSERT INTO `user_bankcard` VALUES (140, 508074331);
INSERT INTO `user_bankcard` VALUES (140, 567191255);
INSERT INTO `user_bankcard` VALUES (140, 710591208);
INSERT INTO `user_bankcard` VALUES (140, 732371984);
INSERT INTO `user_bankcard` VALUES (140, 781504033);
INSERT INTO `user_bankcard` VALUES (140, 809631297);
INSERT INTO `user_bankcard` VALUES (140, 813772267);
INSERT INTO `user_bankcard` VALUES (140, 946564643);
INSERT INTO `user_bankcard` VALUES (140, 960891236);
INSERT INTO `user_bankcard` VALUES (140, 1005872264);
INSERT INTO `user_bankcard` VALUES (140, 1077097447);
INSERT INTO `user_bankcard` VALUES (141, 162003602);
INSERT INTO `user_bankcard` VALUES (141, 187917833);
INSERT INTO `user_bankcard` VALUES (141, 189420531);
INSERT INTO `user_bankcard` VALUES (141, 194579062);
INSERT INTO `user_bankcard` VALUES (141, 289748487);
INSERT INTO `user_bankcard` VALUES (141, 309400486);
INSERT INTO `user_bankcard` VALUES (141, 330126087);
INSERT INTO `user_bankcard` VALUES (141, 345601848);
INSERT INTO `user_bankcard` VALUES (141, 461172119);
INSERT INTO `user_bankcard` VALUES (141, 575098837);
INSERT INTO `user_bankcard` VALUES (141, 591714683);
INSERT INTO `user_bankcard` VALUES (141, 636221301);
INSERT INTO `user_bankcard` VALUES (141, 679046613);
INSERT INTO `user_bankcard` VALUES (141, 726802788);
INSERT INTO `user_bankcard` VALUES (141, 738518244);
INSERT INTO `user_bankcard` VALUES (141, 915751370);
INSERT INTO `user_bankcard` VALUES (141, 926860509);
INSERT INTO `user_bankcard` VALUES (142, 104747077);
INSERT INTO `user_bankcard` VALUES (142, 108706356);
INSERT INTO `user_bankcard` VALUES (142, 132939641);
INSERT INTO `user_bankcard` VALUES (142, 138315729);
INSERT INTO `user_bankcard` VALUES (142, 141332500);
INSERT INTO `user_bankcard` VALUES (142, 210446856);
INSERT INTO `user_bankcard` VALUES (142, 228625391);
INSERT INTO `user_bankcard` VALUES (142, 245365527);
INSERT INTO `user_bankcard` VALUES (142, 328749172);
INSERT INTO `user_bankcard` VALUES (142, 392594500);
INSERT INTO `user_bankcard` VALUES (142, 581530214);
INSERT INTO `user_bankcard` VALUES (142, 751042576);
INSERT INTO `user_bankcard` VALUES (142, 883694042);
INSERT INTO `user_bankcard` VALUES (143, 167347595);
INSERT INTO `user_bankcard` VALUES (143, 169955208);
INSERT INTO `user_bankcard` VALUES (143, 216129757);
INSERT INTO `user_bankcard` VALUES (143, 230179330);
INSERT INTO `user_bankcard` VALUES (143, 242116497);
INSERT INTO `user_bankcard` VALUES (143, 360462217);
INSERT INTO `user_bankcard` VALUES (143, 372020817);
INSERT INTO `user_bankcard` VALUES (143, 434670424);
INSERT INTO `user_bankcard` VALUES (143, 686855443);
INSERT INTO `user_bankcard` VALUES (143, 921084177);
INSERT INTO `user_bankcard` VALUES (144, 194840952);
INSERT INTO `user_bankcard` VALUES (144, 427944335);
INSERT INTO `user_bankcard` VALUES (144, 778462634);
INSERT INTO `user_bankcard` VALUES (144, 835213766);
INSERT INTO `user_bankcard` VALUES (144, 884706363);
INSERT INTO `user_bankcard` VALUES (144, 915102036);
INSERT INTO `user_bankcard` VALUES (144, 961882861);
INSERT INTO `user_bankcard` VALUES (144, 971081152);
INSERT INTO `user_bankcard` VALUES (144, 979248163);
INSERT INTO `user_bankcard` VALUES (144, 1037351176);
INSERT INTO `user_bankcard` VALUES (144, 1043328203);
INSERT INTO `user_bankcard` VALUES (144, 1063648103);
INSERT INTO `user_bankcard` VALUES (144, 1084100683);
INSERT INTO `user_bankcard` VALUES (145, 118195537);
INSERT INTO `user_bankcard` VALUES (145, 152409591);
INSERT INTO `user_bankcard` VALUES (145, 214347176);
INSERT INTO `user_bankcard` VALUES (145, 236463008);
INSERT INTO `user_bankcard` VALUES (145, 241261079);
INSERT INTO `user_bankcard` VALUES (145, 268636074);
INSERT INTO `user_bankcard` VALUES (145, 269133159);
INSERT INTO `user_bankcard` VALUES (145, 429303791);
INSERT INTO `user_bankcard` VALUES (145, 481564671);
INSERT INTO `user_bankcard` VALUES (145, 654127018);
INSERT INTO `user_bankcard` VALUES (145, 662175206);
INSERT INTO `user_bankcard` VALUES (145, 806017044);
INSERT INTO `user_bankcard` VALUES (145, 924119439);
INSERT INTO `user_bankcard` VALUES (145, 968061188);
INSERT INTO `user_bankcard` VALUES (145, 976571942);
INSERT INTO `user_bankcard` VALUES (145, 1025593216);
INSERT INTO `user_bankcard` VALUES (146, 130394883);
INSERT INTO `user_bankcard` VALUES (146, 158767085);
INSERT INTO `user_bankcard` VALUES (146, 165977113);
INSERT INTO `user_bankcard` VALUES (146, 235869754);
INSERT INTO `user_bankcard` VALUES (146, 249321547);
INSERT INTO `user_bankcard` VALUES (146, 354046950);
INSERT INTO `user_bankcard` VALUES (146, 393056539);
INSERT INTO `user_bankcard` VALUES (146, 418033956);
INSERT INTO `user_bankcard` VALUES (146, 449486668);
INSERT INTO `user_bankcard` VALUES (146, 491958656);
INSERT INTO `user_bankcard` VALUES (146, 527661007);
INSERT INTO `user_bankcard` VALUES (146, 553755905);
INSERT INTO `user_bankcard` VALUES (146, 590300916);
INSERT INTO `user_bankcard` VALUES (146, 615145153);
INSERT INTO `user_bankcard` VALUES (146, 650107187);
INSERT INTO `user_bankcard` VALUES (146, 679082278);
INSERT INTO `user_bankcard` VALUES (146, 693706764);
INSERT INTO `user_bankcard` VALUES (146, 711430486);
INSERT INTO `user_bankcard` VALUES (146, 712868498);
INSERT INTO `user_bankcard` VALUES (146, 771842865);
INSERT INTO `user_bankcard` VALUES (146, 806140614);
INSERT INTO `user_bankcard` VALUES (146, 827911605);
INSERT INTO `user_bankcard` VALUES (146, 836825860);
INSERT INTO `user_bankcard` VALUES (146, 850481101);
INSERT INTO `user_bankcard` VALUES (146, 905472626);
INSERT INTO `user_bankcard` VALUES (146, 905858043);
INSERT INTO `user_bankcard` VALUES (146, 921444737);
INSERT INTO `user_bankcard` VALUES (146, 935889112);
INSERT INTO `user_bankcard` VALUES (146, 952513573);
INSERT INTO `user_bankcard` VALUES (146, 953417955);
INSERT INTO `user_bankcard` VALUES (146, 1022883763);
INSERT INTO `user_bankcard` VALUES (146, 1082005310);
INSERT INTO `user_bankcard` VALUES (147, 159444134);
INSERT INTO `user_bankcard` VALUES (147, 253645647);
INSERT INTO `user_bankcard` VALUES (147, 278697564);
INSERT INTO `user_bankcard` VALUES (147, 413292061);
INSERT INTO `user_bankcard` VALUES (147, 436855223);
INSERT INTO `user_bankcard` VALUES (147, 476409085);
INSERT INTO `user_bankcard` VALUES (147, 478371493);
INSERT INTO `user_bankcard` VALUES (147, 479731692);
INSERT INTO `user_bankcard` VALUES (147, 511043653);
INSERT INTO `user_bankcard` VALUES (147, 618314657);
INSERT INTO `user_bankcard` VALUES (147, 643884630);
INSERT INTO `user_bankcard` VALUES (147, 703773054);
INSERT INTO `user_bankcard` VALUES (147, 726404939);
INSERT INTO `user_bankcard` VALUES (147, 856092947);
INSERT INTO `user_bankcard` VALUES (147, 906086048);
INSERT INTO `user_bankcard` VALUES (147, 1098769210);
INSERT INTO `user_bankcard` VALUES (148, 124883316);
INSERT INTO `user_bankcard` VALUES (148, 226721678);
INSERT INTO `user_bankcard` VALUES (148, 251541264);
INSERT INTO `user_bankcard` VALUES (148, 264306960);
INSERT INTO `user_bankcard` VALUES (148, 287537427);
INSERT INTO `user_bankcard` VALUES (148, 292502936);
INSERT INTO `user_bankcard` VALUES (148, 299054948);
INSERT INTO `user_bankcard` VALUES (148, 328518108);
INSERT INTO `user_bankcard` VALUES (148, 336689335);
INSERT INTO `user_bankcard` VALUES (148, 345953389);
INSERT INTO `user_bankcard` VALUES (148, 423632233);
INSERT INTO `user_bankcard` VALUES (148, 428486409);
INSERT INTO `user_bankcard` VALUES (148, 455251214);
INSERT INTO `user_bankcard` VALUES (148, 466727275);
INSERT INTO `user_bankcard` VALUES (148, 487972506);
INSERT INTO `user_bankcard` VALUES (148, 516167846);
INSERT INTO `user_bankcard` VALUES (148, 582700934);
INSERT INTO `user_bankcard` VALUES (148, 614736477);
INSERT INTO `user_bankcard` VALUES (148, 715220815);
INSERT INTO `user_bankcard` VALUES (148, 777062001);
INSERT INTO `user_bankcard` VALUES (148, 778827293);
INSERT INTO `user_bankcard` VALUES (148, 788465002);
INSERT INTO `user_bankcard` VALUES (148, 811396440);
INSERT INTO `user_bankcard` VALUES (148, 825881340);
INSERT INTO `user_bankcard` VALUES (148, 915028791);
INSERT INTO `user_bankcard` VALUES (148, 931602302);
INSERT INTO `user_bankcard` VALUES (148, 974827196);
INSERT INTO `user_bankcard` VALUES (148, 1043603794);
INSERT INTO `user_bankcard` VALUES (148, 1056325711);
INSERT INTO `user_bankcard` VALUES (148, 1080846457);
INSERT INTO `user_bankcard` VALUES (148, 1087322232);
INSERT INTO `user_bankcard` VALUES (148, 1088082145);
INSERT INTO `user_bankcard` VALUES (149, 129605113);
INSERT INTO `user_bankcard` VALUES (149, 191199554);
INSERT INTO `user_bankcard` VALUES (149, 203901859);
INSERT INTO `user_bankcard` VALUES (149, 204709897);
INSERT INTO `user_bankcard` VALUES (149, 208922787);
INSERT INTO `user_bankcard` VALUES (149, 240966622);
INSERT INTO `user_bankcard` VALUES (149, 242129928);
INSERT INTO `user_bankcard` VALUES (149, 295509878);
INSERT INTO `user_bankcard` VALUES (149, 360166830);
INSERT INTO `user_bankcard` VALUES (149, 381194703);
INSERT INTO `user_bankcard` VALUES (149, 391347731);
INSERT INTO `user_bankcard` VALUES (149, 448056354);
INSERT INTO `user_bankcard` VALUES (149, 470828710);
INSERT INTO `user_bankcard` VALUES (149, 484859901);
INSERT INTO `user_bankcard` VALUES (149, 591790958);
INSERT INTO `user_bankcard` VALUES (149, 640080775);
INSERT INTO `user_bankcard` VALUES (149, 668631378);
INSERT INTO `user_bankcard` VALUES (149, 706183936);
INSERT INTO `user_bankcard` VALUES (149, 714964529);
INSERT INTO `user_bankcard` VALUES (149, 723945103);
INSERT INTO `user_bankcard` VALUES (149, 813702921);
INSERT INTO `user_bankcard` VALUES (149, 849522276);
INSERT INTO `user_bankcard` VALUES (149, 870799167);
INSERT INTO `user_bankcard` VALUES (149, 883940651);
INSERT INTO `user_bankcard` VALUES (149, 932747786);
INSERT INTO `user_bankcard` VALUES (149, 1022924840);
INSERT INTO `user_bankcard` VALUES (149, 1040538527);
INSERT INTO `user_bankcard` VALUES (149, 1074037311);
INSERT INTO `user_bankcard` VALUES (149, 1078759223);
INSERT INTO `user_bankcard` VALUES (149, 1078813015);

SET FOREIGN_KEY_CHECKS = 1;
